{
    "C_ex": 100,
    "C_in": 25,
    "C_m": 1.0,
    "E_L": 0.0,
    "I0": 10,
    "Imax": 642,
    "J": 0.2,
    "J_ex": 0.0896232149990653,
    "J_high": 2.0,
    "J_high_ex": 0.8962321499906528,
    "J_high_in": 0.8962321499906528,
    "J_in": 0.8872698284907464,
    "J_low": 0.0,
    "J_low_ex": 0.0,
    "J_low_in": 0.0,
    "K": 0.84,
    "NA": 0.37,
    "N_ex": 1000,
    "N_in": 250,
    "N_neurons": 1250,
    "N_pos": 10,
    "N_rec_spike_ex": null,
    "N_rec_spike_in": null,
    "N_rec_state_ex": null,
    "N_rec_state_in": null,
    "S": 10.3,
    "V_m": 0.0,
    "V_reset": 0.0,
    "V_th": 20.0,
    "data_path": "results",
    "delay": 1.5,
    "density": 7514.184379463159,
    "depth": 0.7,
    "eps": 0.1,
    "eta": 0.9,
    "fname": "params_1",
    "g": 9.9,
    "msd": 1234,
    "n": 1.36,
    "n_hill": 0.76,
    "num_threads": 4,
    "p_var": 0.5,
    "r": 0.1,
    "rate_ex": 8.689830060521336,
    "rate_in": 6.527518972613445,
    "rate_p": 3694.2604330557783,
    "res": 0.1,
    "status": {
        "time": 3685312.0
    },
    "stim_N": 30000,
    "stim_N_ex": 800,
    "stim_N_in": 0,
    "stim_amp_ex": 8.0,
    "stim_amp_in": 0.0,
    "stim_dist": "poisson",
    "stim_duration": 2.0,
    "stim_max_period": 150,
    "stim_period": 100.0,
    "t_ref": 2.0,
    "tau_m": 20.0,
    "tau_syn_ex": 1.0,
    "tau_syn_in": 1.0,
    "verbose": false
}